mean_fit_time,std_fit_time,mean_score_time,std_score_time,param_classifier__criterion,param_classifier__max_depth,param_classifier__min_samples_leaf,param_classifier__min_samples_split,params,split0_test_score,split1_test_score,split2_test_score,split3_test_score,split4_test_score,mean_test_score,std_test_score,rank_test_score
0.01617741584777832,0.0008903366101496417,0.008586502075195313,0.0009393926995141399,gini,3,1,2,"{'classifier__criterion': 'gini', 'classifier__max_depth': 3, 'classifier__min_samples_leaf': 1, 'classifier__min_samples_split': 2}",0.7524093932401248,0.8107042253521126,0.7130604288499025,0.7380116959064327,0.8055555555555556,0.7639482597808257,0.03824319417019981,55
0.017849493026733398,0.0016279888153355503,0.009504365921020507,0.0014591535973024065,gini,3,1,5,"{'classifier__criterion': 'gini', 'classifier__max_depth': 3, 'classifier__min_samples_leaf': 1, 'classifier__min_samples_split': 5}",0.7524093932401248,0.8107042253521126,0.7130604288499025,0.7380116959064327,0.8055555555555556,0.7639482597808257,0.03824319417019981,55
0.015297794342041015,0.0004916181064821168,0.008421802520751953,0.0014730914407034387,gini,3,1,10,"{'classifier__criterion': 'gini', 'classifier__max_depth': 3, 'classifier__min_samples_leaf': 1, 'classifier__min_samples_split': 10}",0.7524093932401248,0.8107042253521126,0.7130604288499025,0.7380116959064327,0.8055555555555556,0.7639482597808257,0.03824319417019981,55
0.01670970916748047,0.0012000643056166783,0.008488607406616212,0.001202802515207215,gini,3,2,2,"{'classifier__criterion': 'gini', 'classifier__max_depth': 3, 'classifier__min_samples_leaf': 2, 'classifier__min_samples_split': 2}",0.7524093932401248,0.8107042253521126,0.7130604288499025,0.7380116959064327,0.8055555555555556,0.7639482597808257,0.03824319417019981,55
0.01542363166809082,0.0009660194618942138,0.007867860794067382,0.0010331077037509032,gini,3,2,5,"{'classifier__criterion': 'gini', 'classifier__max_depth': 3, 'classifier__min_samples_leaf': 2, 'classifier__min_samples_split': 5}",0.7524093932401248,0.8107042253521126,0.7130604288499025,0.7380116959064327,0.8055555555555556,0.7639482597808257,0.03824319417019981,55
0.01546616554260254,0.0014089103196442613,0.008609819412231445,0.001426793849926966,gini,3,2,10,"{'classifier__criterion': 'gini', 'classifier__max_depth': 3, 'classifier__min_samples_leaf': 2, 'classifier__min_samples_split': 10}",0.7524093932401248,0.8107042253521126,0.7130604288499025,0.7380116959064327,0.8055555555555556,0.7639482597808257,0.03824319417019981,55
0.017188644409179686,0.0015367799644641765,0.007967042922973632,0.0008456640576665558,gini,3,4,2,"{'classifier__criterion': 'gini', 'classifier__max_depth': 3, 'classifier__min_samples_leaf': 4, 'classifier__min_samples_split': 2}",0.7524093932401248,0.799749687108886,0.7130604288499025,0.7380116959064327,0.8055555555555556,0.7617573521321803,0.03573326462078878,61
0.01632580757141113,0.0009793641207955228,0.008655595779418945,0.0007461811435954551,gini,3,4,5,"{'classifier__criterion': 'gini', 'classifier__max_depth': 3, 'classifier__min_samples_leaf': 4, 'classifier__min_samples_split': 5}",0.7524093932401248,0.799749687108886,0.7130604288499025,0.7380116959064327,0.8055555555555556,0.7617573521321803,0.03573326462078878,61
0.015999317169189453,0.0006726793523702961,0.008766365051269532,0.0005584740817820893,gini,3,4,10,"{'classifier__criterion': 'gini', 'classifier__max_depth': 3, 'classifier__min_samples_leaf': 4, 'classifier__min_samples_split': 10}",0.7524093932401248,0.799749687108886,0.7130604288499025,0.7380116959064327,0.8055555555555556,0.7617573521321803,0.03573326462078878,61
0.017650890350341796,0.0025027188950082135,0.009053277969360351,0.0021030312870322517,gini,5,1,2,"{'classifier__criterion': 'gini', 'classifier__max_depth': 5, 'classifier__min_samples_leaf': 1, 'classifier__min_samples_split': 2}",0.783661971830986,0.7983193277310925,0.8055555555555556,0.7069674850696748,0.8693877551020408,0.79277841905787,0.05197994470389735,15
0.01671433448791504,0.0017716611284609865,0.008308935165405273,0.0014786646036098864,gini,5,1,5,"{'classifier__criterion': 'gini', 'classifier__max_depth': 5, 'classifier__min_samples_leaf': 1, 'classifier__min_samples_split': 5}",0.783661971830986,0.7983193277310925,0.8055555555555556,0.6606060606060606,0.8693877551020408,0.7835061341651471,0.06809656800196207,39
0.015580558776855468,0.0010603799998688014,0.01765131950378418,0.01912238288716796,gini,5,1,10,"{'classifier__criterion': 'gini', 'classifier__max_depth': 5, 'classifier__min_samples_leaf': 1, 'classifier__min_samples_split': 10}",0.7730496453900709,0.7879142300194932,0.8107042253521126,0.6606060606060606,0.8856462179868969,0.7835840758709269,0.07267117731284436,38
0.018463706970214842,0.0032631977173501678,0.008061552047729492,0.0007208322669575868,gini,5,2,2,"{'classifier__criterion': 'gini', 'classifier__max_depth': 5, 'classifier__min_samples_leaf': 2, 'classifier__min_samples_split': 2}",0.783661971830986,0.7879142300194932,0.8107042253521126,0.7626373626373626,0.8856462179868969,0.8061128015653705,0.04259574404121865,3
0.015863370895385743,0.0015117057086890852,0.008077049255371093,0.0009200779331044976,gini,5,2,5,"{'classifier__criterion': 'gini', 'classifier__max_depth': 5, 'classifier__min_samples_leaf': 2, 'classifier__min_samples_split': 5}",0.783661971830986,0.7879142300194932,0.8107042253521126,0.7324485733244857,0.8856462179868969,0.800075043702795,0.0498518187921601,4
0.014872026443481446,0.0004568102563845353,0.007698869705200196,0.0005125538694388605,gini,5,2,10,"{'classifier__criterion': 'gini', 'classifier__max_depth': 5, 'classifier__min_samples_leaf': 2, 'classifier__min_samples_split': 10}",0.7730496453900709,0.7879142300194932,0.8107042253521126,0.7324485733244857,0.8856462179868969,0.7979525784146119,0.05072371854591567,10
0.01630377769470215,0.0019103556532923133,0.007544946670532226,0.000294239337797801,gini,5,4,2,"{'classifier__criterion': 'gini', 'classifier__max_depth': 5, 'classifier__min_samples_leaf': 4, 'classifier__min_samples_split': 2}",0.7730496453900709,0.7776634071024189,0.8450476889214966,0.7130604288499025,0.8856462179868969,0.7988934776501572,0.060236502225327705,6
0.01779012680053711,0.0036436442995571453,0.008025646209716797,0.0012671626518469597,gini,5,4,5,"{'classifier__criterion': 'gini', 'classifier__max_depth': 5, 'classifier__min_samples_leaf': 4, 'classifier__min_samples_split': 5}",0.7730496453900709,0.7776634071024189,0.8450476889214966,0.7130604288499025,0.8856462179868969,0.7988934776501572,0.060236502225327705,6
0.017905044555664062,0.0016111231504415957,0.009393024444580077,0.001811436542417226,gini,5,4,10,"{'classifier__criterion': 'gini', 'classifier__max_depth': 5, 'classifier__min_samples_leaf': 4, 'classifier__min_samples_split': 10}",0.7730496453900709,0.7776634071024189,0.8450476889214966,0.7130604288499025,0.8856462179868969,0.7988934776501572,0.060236502225327705,6
0.016653919219970705,0.0014486351289377994,0.008948326110839844,0.0009350657523104671,gini,7,1,2,"{'classifier__criterion': 'gini', 'classifier__max_depth': 7, 'classifier__min_samples_leaf': 1, 'classifier__min_samples_split': 2}",0.8055555555555556,0.8333333333333333,0.8230958230958232,0.7222222222222223,0.878095238095238,0.8124604344604345,0.05108293090182454,1
0.016161251068115234,0.0017230313753770889,0.008678531646728516,0.000973839306393593,gini,7,1,5,"{'classifier__criterion': 'gini', 'classifier__max_depth': 7, 'classifier__min_samples_leaf': 1, 'classifier__min_samples_split': 5}",0.8107042253521126,0.8492935635792779,0.7887013939838592,0.6470588235294117,0.8651474949274232,0.7921811002744169,0.07746175564699491,17
0.02015681266784668,0.0033812940963723324,0.009270524978637696,0.0021828910698684853,gini,7,1,10,"{'classifier__criterion': 'gini', 'classifier__max_depth': 7, 'classifier__min_samples_leaf': 1, 'classifier__min_samples_split': 10}",0.8107042253521126,0.7938808373590982,0.8218923933209648,0.6606060606060606,0.8693877551020408,0.7912942543480554,0.06999668897628618,21
0.01823906898498535,0.0016450790280625686,0.008384037017822265,0.0005029183762340827,gini,7,2,2,"{'classifier__criterion': 'gini', 'classifier__max_depth': 7, 'classifier__min_samples_leaf': 2, 'classifier__min_samples_split': 2}",0.8107042253521126,0.8218923933209648,0.799749687108886,0.6814863968148639,0.8820638820638821,0.7991793169321418,0.06537661242077536,5
0.016762495040893555,0.0024135587027763494,0.007986307144165039,0.0007530410568572971,gini,7,2,5,"{'classifier__criterion': 'gini', 'classifier__max_depth': 7, 'classifier__min_samples_leaf': 2, 'classifier__min_samples_split': 5}",0.8107042253521126,0.8377464788732394,0.799749687108886,0.6631578947368422,0.8820638820638821,0.7986844336269924,0.07347248287910127,9
0.015670394897460936,0.001542448820420298,0.008396482467651368,0.0010310309786476708,gini,7,2,10,"{'classifier__criterion': 'gini', 'classifier__max_depth': 7, 'classifier__min_samples_leaf': 2, 'classifier__min_samples_split': 10}",0.8107042253521126,0.7938808373590982,0.8107042253521126,0.6941506308143239,0.8693877551020408,0.7957655347959376,0.05691344493085565,12
0.017274093627929688,0.0020328848662228716,0.00917363166809082,0.0015711540008983395,gini,7,4,2,"{'classifier__criterion': 'gini', 'classifier__max_depth': 7, 'classifier__min_samples_leaf': 4, 'classifier__min_samples_split': 2}",0.783661971830986,0.7834107498341075,0.8570577724836212,0.6606060606060606,0.8693877551020408,0.7908248619713631,0.0743264944618675,23
0.017696857452392578,0.0013832583990078865,0.00826563835144043,0.0008245263278021371,gini,7,4,5,"{'classifier__criterion': 'gini', 'classifier__max_depth': 7, 'classifier__min_samples_leaf': 4, 'classifier__min_samples_split': 5}",0.783661971830986,0.7834107498341075,0.8570577724836212,0.6606060606060606,0.8693877551020408,0.7908248619713631,0.0743264944618675,23
0.01741762161254883,0.0012335028955612237,0.008750677108764648,0.0007436371108892938,gini,7,4,10,"{'classifier__criterion': 'gini', 'classifier__max_depth': 7, 'classifier__min_samples_leaf': 4, 'classifier__min_samples_split': 10}",0.783661971830986,0.7834107498341075,0.8570577724836212,0.6756350894756601,0.8693877551020408,0.7938306677452831,0.06912121528415593,13
0.017148542404174804,0.0015502799741789867,0.008892297744750977,0.000902805791475188,gini,,1,2,"{'classifier__criterion': 'gini', 'classifier__max_depth': None, 'classifier__min_samples_leaf': 1, 'classifier__min_samples_split': 2}",0.7998808814770697,0.8450476889214966,0.8113378684807256,0.7141155449672424,0.8604425779357132,0.8061649123564495,0.05098484059022187,2
0.01695361137390137,0.002346458390755552,0.00828251838684082,0.0004298544192150957,gini,,1,5,"{'classifier__criterion': 'gini', 'classifier__max_depth': None, 'classifier__min_samples_leaf': 1, 'classifier__min_samples_split': 5}",0.7944912230626516,0.8264497288277013,0.7777777777777777,0.6470588235294117,0.8651474949274232,0.782185009624993,0.07385403453314728,41
0.0176145076751709,0.003232077875994616,0.008550119400024415,0.0021773793930580697,gini,,1,10,"{'classifier__criterion': 'gini', 'classifier__max_depth': None, 'classifier__min_samples_leaf': 1, 'classifier__min_samples_split': 10}",0.8107042253521126,0.773109243697479,0.8107042253521126,0.633813215208564,0.8693877551020408,0.7795437329424619,0.07911091876987453,49
0.01605358123779297,0.0010310842463900707,0.007890462875366211,0.0006650307001444224,gini,,2,2,"{'classifier__criterion': 'gini', 'classifier__max_depth': None, 'classifier__min_samples_leaf': 2, 'classifier__min_samples_split': 2}",0.7944912230626516,0.799749687108886,0.799749687108886,0.700285054974888,0.8651474949274232,0.7918846294365469,0.052703779933134416,19
0.017215394973754884,0.0011737848378069213,0.008770179748535157,0.0010759320226920734,gini,,2,5,"{'classifier__criterion': 'gini', 'classifier__max_depth': None, 'classifier__min_samples_leaf': 2, 'classifier__min_samples_split': 5}",0.7944912230626516,0.8153846153846154,0.799749687108886,0.6722689075630253,0.8651474949274232,0.7894083856093201,0.06366413788606394,28
0.01595621109008789,0.001375913528279771,0.008896780014038087,0.0019912968043445237,gini,,2,10,"{'classifier__criterion': 'gini', 'classifier__max_depth': None, 'classifier__min_samples_leaf': 2, 'classifier__min_samples_split': 10}",0.8107042253521126,0.773109243697479,0.8107042253521126,0.7035512094698919,0.8693877551020408,0.7934913317947275,0.05451144760339614,14
0.017822074890136718,0.0017914806390810106,0.011273574829101563,0.0018477406249477176,gini,,4,2,"{'classifier__criterion': 'gini', 'classifier__max_depth': None, 'classifier__min_samples_leaf': 4, 'classifier__min_samples_split': 2}",0.783661971830986,0.762962962962963,0.8450476889214966,0.6881091617933723,0.8693877551020408,0.7898339081221717,0.06400850047680005,25
0.016267061233520508,0.0007748131224085098,0.008206462860107422,0.0012140415693507078,gini,,4,5,"{'classifier__criterion': 'gini', 'classifier__max_depth': None, 'classifier__min_samples_leaf': 4, 'classifier__min_samples_split': 5}",0.783661971830986,0.762962962962963,0.8450476889214966,0.6881091617933723,0.8693877551020408,0.7898339081221717,0.06400850047680005,25
0.016725683212280275,0.0021536285009024565,0.007933616638183594,0.0005411775511937475,gini,,4,10,"{'classifier__criterion': 'gini', 'classifier__max_depth': None, 'classifier__min_samples_leaf': 4, 'classifier__min_samples_split': 10}",0.783661971830986,0.762962962962963,0.8450476889214966,0.6941506308143239,0.8693877551020408,0.7910422019263621,0.062105565511584006,22
0.016657209396362303,0.001487129916444768,0.008932781219482423,0.001395615670144744,entropy,3,1,2,"{'classifier__criterion': 'entropy', 'classifier__max_depth': 3, 'classifier__min_samples_leaf': 1, 'classifier__min_samples_split': 2}",0.6719688936019795,0.722943722943723,0.7575757575757576,0.7130604288499025,0.783661971830986,0.7298421549604697,0.038325590609425676,64
0.015329074859619141,0.0006739212011586,0.008639192581176758,0.0007843213291129062,entropy,3,1,5,"{'classifier__criterion': 'entropy', 'classifier__max_depth': 3, 'classifier__min_samples_leaf': 1, 'classifier__min_samples_split': 5}",0.6719688936019795,0.722943722943723,0.7575757575757576,0.7130604288499025,0.783661971830986,0.7298421549604697,0.038325590609425676,64
0.0150909423828125,0.00162739226224065,0.008000850677490234,0.0008203135529481923,entropy,3,1,10,"{'classifier__criterion': 'entropy', 'classifier__max_depth': 3, 'classifier__min_samples_leaf': 1, 'classifier__min_samples_split': 10}",0.6719688936019795,0.722943722943723,0.7575757575757576,0.7130604288499025,0.783661971830986,0.7298421549604697,0.038325590609425676,64
0.0162869930267334,0.001071094521695645,0.007724332809448242,0.0008722871608313827,entropy,3,2,2,"{'classifier__criterion': 'entropy', 'classifier__max_depth': 3, 'classifier__min_samples_leaf': 2, 'classifier__min_samples_split': 2}",0.6719688936019795,0.722943722943723,0.7575757575757576,0.7130604288499025,0.783661971830986,0.7298421549604697,0.038325590609425676,64
0.01535801887512207,0.0009093506569796344,0.009694957733154297,0.0007960201265748486,entropy,3,2,5,"{'classifier__criterion': 'entropy', 'classifier__max_depth': 3, 'classifier__min_samples_leaf': 2, 'classifier__min_samples_split': 5}",0.6719688936019795,0.722943722943723,0.7575757575757576,0.7130604288499025,0.783661971830986,0.7298421549604697,0.038325590609425676,64
0.017150497436523436,0.0015781478732388493,0.0077021121978759766,0.0007126520131386914,entropy,3,2,10,"{'classifier__criterion': 'entropy', 'classifier__max_depth': 3, 'classifier__min_samples_leaf': 2, 'classifier__min_samples_split': 10}",0.6719688936019795,0.722943722943723,0.7575757575757576,0.7130604288499025,0.783661971830986,0.7298421549604697,0.038325590609425676,64
0.014982891082763673,0.0012329065305413387,0.008224248886108398,0.0008190101365507489,entropy,3,4,2,"{'classifier__criterion': 'entropy', 'classifier__max_depth': 3, 'classifier__min_samples_leaf': 4, 'classifier__min_samples_split': 2}",0.6719688936019795,0.722943722943723,0.7575757575757576,0.7130604288499025,0.783661971830986,0.7298421549604697,0.038325590609425676,64
0.016302013397216798,0.0016106267796000512,0.00852961540222168,0.0010362365438724163,entropy,3,4,5,"{'classifier__criterion': 'entropy', 'classifier__max_depth': 3, 'classifier__min_samples_leaf': 4, 'classifier__min_samples_split': 5}",0.6719688936019795,0.722943722943723,0.7575757575757576,0.7130604288499025,0.783661971830986,0.7298421549604697,0.038325590609425676,64
0.016021156311035158,0.001535425664442583,0.007905530929565429,0.00068046681401563,entropy,3,4,10,"{'classifier__criterion': 'entropy', 'classifier__max_depth': 3, 'classifier__min_samples_leaf': 4, 'classifier__min_samples_split': 10}",0.6719688936019795,0.722943722943723,0.7575757575757576,0.7130604288499025,0.783661971830986,0.7298421549604697,0.038325590609425676,64
0.01644129753112793,0.0017116612571774629,0.008685684204101563,0.000890001688510379,entropy,5,1,2,"{'classifier__criterion': 'entropy', 'classifier__max_depth': 5, 'classifier__min_samples_leaf': 1, 'classifier__min_samples_split': 2}",0.7430865298840321,0.7529593412249099,0.8377464788732394,0.75,0.9013939838591343,0.7970372667682631,0.06263164431463975,11
0.017673969268798828,0.0016028632793747759,0.007919502258300782,0.000566778470942229,entropy,5,1,5,"{'classifier__criterion': 'entropy', 'classifier__max_depth': 5, 'classifier__min_samples_leaf': 1, 'classifier__min_samples_split': 5}",0.7333333333333334,0.7529593412249099,0.8377464788732394,0.700285054974888,0.9013939838591343,0.785143638453101,0.07375949772319955,33
0.017783308029174806,0.0007416563901733767,0.008655500411987305,0.0007915433831711091,entropy,5,1,10,"{'classifier__criterion': 'entropy', 'classifier__max_depth': 5, 'classifier__min_samples_leaf': 1, 'classifier__min_samples_split': 10}",0.7333333333333334,0.7529593412249099,0.8164903784885944,0.700285054974888,0.8888888888888888,0.7783913993821229,0.06699081628265734,50
0.01762533187866211,0.0016568689904544215,0.008001136779785156,0.0004932262226124243,entropy,5,2,2,"{'classifier__criterion': 'entropy', 'classifier__max_depth': 5, 'classifier__min_samples_leaf': 2, 'classifier__min_samples_split': 2}",0.7333333333333334,0.7430865298840321,0.8417582417582418,0.7295774647887323,0.9013939838591343,0.7898299107246948,0.06949857283267852,27
0.046494579315185545,0.05874081220482377,0.008169174194335938,0.0008487843394431435,entropy,5,2,5,"{'classifier__criterion': 'entropy', 'classifier__max_depth': 5, 'classifier__min_samples_leaf': 2, 'classifier__min_samples_split': 5}",0.7333333333333334,0.7430865298840321,0.8417582417582418,0.700285054974888,0.9013939838591343,0.7839714287619259,0.0753214086755456,37
0.015898752212524413,0.0010045997893216852,0.008801746368408202,0.0016222481114961718,entropy,5,2,10,"{'classifier__criterion': 'entropy', 'classifier__max_depth': 5, 'classifier__min_samples_leaf': 2, 'classifier__min_samples_split': 10}",0.7333333333333334,0.7430865298840321,0.8164903784885944,0.700285054974888,0.8888888888888888,0.7764168371139474,0.06785130371406961,52
0.017229652404785155,0.001164827396343381,0.007918739318847656,0.000614769314486871,entropy,5,4,2,"{'classifier__criterion': 'entropy', 'classifier__max_depth': 5, 'classifier__min_samples_leaf': 4, 'classifier__min_samples_split': 2}",0.7430865298840321,0.7430865298840321,0.8164903784885944,0.700285054974888,0.9013939838591343,0.7808684954181361,0.07091397130373893,45
0.01657862663269043,0.001322919702540418,0.0076579093933105465,0.0005047361209767614,entropy,5,4,5,"{'classifier__criterion': 'entropy', 'classifier__max_depth': 5, 'classifier__min_samples_leaf': 4, 'classifier__min_samples_split': 5}",0.7430865298840321,0.7430865298840321,0.8164903784885944,0.700285054974888,0.9013939838591343,0.7808684954181361,0.07091397130373893,45
0.015446090698242187,0.0011892393348263942,0.0076847076416015625,0.0006605215200349373,entropy,5,4,10,"{'classifier__criterion': 'entropy', 'classifier__max_depth': 5, 'classifier__min_samples_leaf': 4, 'classifier__min_samples_split': 10}",0.7430865298840321,0.7430865298840321,0.8164903784885944,0.700285054974888,0.8888888888888888,0.778367476424087,0.06671535534182461,51
0.016244983673095702,0.0014821067601041575,0.008054304122924804,0.0005981045552684439,entropy,7,1,2,"{'classifier__criterion': 'entropy', 'classifier__max_depth': 7, 'classifier__min_samples_leaf': 1, 'classifier__min_samples_split': 2}",0.7626373626373626,0.8153846153846154,0.7681159420289855,0.7532879818594105,0.8604425779357132,0.7919736959692175,0.04040409954010176,18
0.015740203857421874,0.001144956829243673,0.010919475555419922,0.006749395551353225,entropy,7,1,5,"{'classifier__criterion': 'entropy', 'classifier__max_depth': 7, 'classifier__min_samples_leaf': 1, 'classifier__min_samples_split': 5}",0.7626373626373626,0.8045337315053618,0.7681159420289855,0.6835164835164835,0.8604425779357132,0.7758492195247813,0.057859361207713095,53
0.019362783432006835,0.003144293123435791,0.008423614501953124,0.0014660309799083902,entropy,7,1,10,"{'classifier__criterion': 'entropy', 'classifier__max_depth': 7, 'classifier__min_samples_leaf': 1, 'classifier__min_samples_split': 10}",0.7626373626373626,0.8045337315053618,0.7776634071024189,0.6908212560386473,0.8856462179868969,0.7842603950541375,0.06313801033213749,34
0.01584286689758301,0.00046761291623115383,0.007687282562255859,0.0007401947123344578,entropy,7,2,2,"{'classifier__criterion': 'entropy', 'classifier__max_depth': 7, 'classifier__min_samples_leaf': 2, 'classifier__min_samples_split': 2}",0.7626373626373626,0.8045337315053618,0.773109243697479,0.7295774647887323,0.8476190476190476,0.7834953700495967,0.04001131659744487,40
0.015062093734741211,0.0008229846603780356,0.007855844497680665,0.0011440347754446939,entropy,7,2,5,"{'classifier__criterion': 'entropy', 'classifier__max_depth': 7, 'classifier__min_samples_leaf': 2, 'classifier__min_samples_split': 5}",0.7626373626373626,0.8045337315053618,0.773109243697479,0.6814863968148639,0.8476190476190476,0.7738771564548229,0.054846453355192025,54
0.01584305763244629,0.0012101216635189767,0.008196353912353516,0.0004021739687212566,entropy,7,2,10,"{'classifier__criterion': 'entropy', 'classifier__max_depth': 7, 'classifier__min_samples_leaf': 2, 'classifier__min_samples_split': 10}",0.7626373626373626,0.7938808373590982,0.7776634071024189,0.6908212560386473,0.8732208363903154,0.7796447399055685,0.05855243829509783,47
0.01712636947631836,0.0012422289289654327,0.008224916458129884,0.0004990350071844024,entropy,7,4,2,"{'classifier__criterion': 'entropy', 'classifier__max_depth': 7, 'classifier__min_samples_leaf': 4, 'classifier__min_samples_split': 2}",0.8055555555555556,0.8045337315053618,0.7983193277310925,0.6650563607085347,0.8693877551020408,0.7885705461205171,0.06697093077086327,30
0.016569232940673827,0.0015411823583141152,0.008369827270507812,0.0012653968514629136,entropy,7,4,5,"{'classifier__criterion': 'entropy', 'classifier__max_depth': 7, 'classifier__min_samples_leaf': 4, 'classifier__min_samples_split': 5}",0.8055555555555556,0.8045337315053618,0.7983193277310925,0.6650563607085347,0.8693877551020408,0.7885705461205171,0.06697093077086327,30
0.015904617309570313,0.000700144164354822,0.007533884048461914,0.0010699481500484572,entropy,7,4,10,"{'classifier__criterion': 'entropy', 'classifier__max_depth': 7, 'classifier__min_samples_leaf': 4, 'classifier__min_samples_split': 10}",0.8055555555555556,0.8045337315053618,0.7983193277310925,0.6814863968148639,0.8732208363903154,0.7926231695994379,0.061949851438073696,16
0.016995000839233398,0.002039450360403685,0.008295392990112305,0.00029978951986989785,entropy,,1,2,"{'classifier__criterion': 'entropy', 'classifier__max_depth': None, 'classifier__min_samples_leaf': 1, 'classifier__min_samples_split': 2}",0.7566197183098591,0.7998808814770697,0.783661971830986,0.7641277641277642,0.8421052631578947,0.7892791197807147,0.03044266191343179,29
0.016533470153808592,0.001649005142370959,0.008525943756103516,0.0013537214740707195,entropy,,1,5,"{'classifier__criterion': 'entropy', 'classifier__max_depth': None, 'classifier__min_samples_leaf': 1, 'classifier__min_samples_split': 5}",0.783661971830986,0.799749687108886,0.789010989010989,0.6835164835164835,0.8421052631578947,0.7796088789250477,0.052249451457419126,48
0.016743183135986328,0.001056094337106817,0.008818101882934571,0.0009889705592128369,entropy,,1,10,"{'classifier__criterion': 'entropy', 'classifier__max_depth': None, 'classifier__min_samples_leaf': 1, 'classifier__min_samples_split': 10}",0.7777777777777777,0.799749687108886,0.7776634071024189,0.6908212560386473,0.8856462179868969,0.7863316692029254,0.062151379154216584,32
0.017839336395263673,0.0025459867737848974,0.009338951110839844,0.000709471754349723,entropy,,2,2,"{'classifier__criterion': 'entropy', 'classifier__max_depth': None, 'classifier__min_samples_leaf': 2, 'classifier__min_samples_split': 2}",0.7626373626373626,0.799749687108886,0.7784715623727433,0.7196495619524406,0.8476190476190476,0.781625444338096,0.042178544464274395,43
0.01662869453430176,0.0019268358218359884,0.008419418334960937,0.0014555868139795034,entropy,,2,5,"{'classifier__criterion': 'entropy', 'classifier__max_depth': None, 'classifier__min_samples_leaf': 2, 'classifier__min_samples_split': 5}",0.783661971830986,0.799749687108886,0.7938808373590982,0.6814863968148639,0.8476190476190476,0.7812795881465763,0.05452562096607569,44
0.01564788818359375,0.0005513165983133389,0.008035230636596679,0.0011871840152559267,entropy,,2,10,"{'classifier__criterion': 'entropy', 'classifier__max_depth': None, 'classifier__min_samples_leaf': 2, 'classifier__min_samples_split': 10}",0.7777777777777777,0.789010989010989,0.7776634071024189,0.6908212560386473,0.8732208363903154,0.7816988532640297,0.05782756792517055,42
0.015865612030029296,0.001065501090123069,0.008170747756958007,0.0005218993174305833,entropy,,4,2,"{'classifier__criterion': 'entropy', 'classifier__max_depth': None, 'classifier__min_samples_leaf': 4, 'classifier__min_samples_split': 2}",0.783661971830986,0.8045337315053618,0.7983193277310925,0.6650563607085347,0.8693877551020408,0.7841918293756033,0.06643081453055555,35
0.015318632125854492,0.0014153517125487674,0.008280467987060548,0.0009702861178518634,entropy,,4,5,"{'classifier__criterion': 'entropy', 'classifier__max_depth': None, 'classifier__min_samples_leaf': 4, 'classifier__min_samples_split': 5}",0.783661971830986,0.8045337315053618,0.7983193277310925,0.6650563607085347,0.8693877551020408,0.7841918293756033,0.06643081453055555,35
0.015328264236450196,0.0008784945245072236,0.008567094802856445,0.0005325450082617574,entropy,,4,10,"{'classifier__criterion': 'entropy', 'classifier__max_depth': None, 'classifier__min_samples_leaf': 4, 'classifier__min_samples_split': 10}",0.799749687108886,0.8045337315053618,0.7983193277310925,0.6814863968148639,0.8732208363903154,0.7914619959101039,0.06175065908896435,20
